bigram,count
"individuals,with",1
"species,of",1
"protective,immunity",2
"vaerd,is",1
"65,years",1
"human,volunteers",2
"direct,infections",1
"years,or",1
"receptors,to",1
"a,coombs",1
"the,biological",1
"mers,infection",1
"are,affected",1
"or,fourth",1
"fever,and",1
"autopsy,studies",1
"conflicts,of",3
"and,dengvaxia",1
"infect,respiratory",1
"by,rsv",1
"and/or,an",1
"a,deficit",1
"incomplete,protective",1
"disease,attack",1
"severity,by",1
"to,achieve",1
"was,observed",1
"who,were",1
"in,cuba",1
"myeloid,cells",1
"earlier,in",1
"damaged,by",1
"has,proved",1
"within,months",1
"that,led",1
"clinical,symptoms",1
"dengue,antibodies",4
"may,increase",1
"during,epidemics",1
"immunity,is",1
"not,contribute",1
"natural,human",1
"with,laboratory",1
"but,usually",1
"this,is",1
"ade,has",1
"vaccine-related,immunopathological",1
"also,the",1
"mers,vaccinated",1
"but,as",1
"lifetime,risk",1
"robust,vaccine",1
"to,ade",2
"is,antibody",1
"disease,is",1
"acquired,earlier",1
"of,viruses",1
"and,without",1
"implied,that",1
"with,fatal",1
"accompanied,by",1
"concluding,remarks",1
"postvaccination,outcome",1
"and,mers",4
"microbe,by",1
"sars,cases",1
"sera,from",1
"denv,ns1-induced",1
"mild,disease",1
"diseases,in",2
"ns1,correlates",1
"integrity,of",1
"by,the",2
"poorly,defined",1
"infections?,this",1
"with,abundant",1
"emphasized,there",1
"age-specific,ade",1
"pbls,from",1
"in,monkeys",1
"vaccines,have",1
"should,have",1
"a,viral",1
"response,gave",1
"been,described",1
"coronavirus,diseases",1
"the,clinical",2
"given,inactivated",1
"outcomes,observed",1
"immune,response",1
"of,4",1
"iade,phenomena",1
"matched,with",1
"that,achieve",1
"later,infected",1
"a,th2",1
"vaccinia-rsv,replicative",1
"antigen,hypersensitivity",1
"fatal,cases",1
"between,microbial",1
"immune,complexes",1
"immunized,with",1
"in,table",1
"distinctive,severe",1
"cellular,damage",1
"infection,itself",1
"protect,the",1
"the,spread",1
"full,force",1
"the,content",1
"smallpox,or",1
"tract,from",1
"vah,in",2
"not,macrophages",1
"attributed,to",4
"reinfected,with",1
"short-term,protection",1
"and,vaccine",2
"parenchymal,tissue",1
"the,case",1
"have,been",3
"maternal,antibodies",1
"conditions,together",1
"and,immunological",1
"antibody,immune",1
"phenomena,in",1
"given,the",1
"control,age-specific",1
"than,1%",1
"a,circulating",1
"repeatedly,accompanied",1
"compartment,and",1
"the,illness",1
"disease,in",1
"a,postchallenge",1
"predominantly,infect",1
"neutrophilia,with",1
"are,not",4
"disease,features",1
"passively,transferred",1
"a,stereotypical",1
"acquired,from",1
"the,magnitude",1
"submitted,the",1
"live,sars-cov-2",1
"or,respiratory",1
"led,to",2
"transferred,to",1
"dengue-immune,monkeys",1
"accompanies,first",1
"antibodies,convert",1
"vaccinated,human",1
"for,disclosure",1
"of,dengue",1
"convoluted,renal",1
"the,inflammatory",1
"olds,in",1
"force,of",1
"the,editors",1
"outcomes,are",1
"in,dengue",2
"antibodies,efficiently",1
"that,iade",1
"same,organism",1
"in,nonhuman",1
"first,infections",2
"epithelial,necrosis",1
"for,example",1
"virus,challenge",2
"not,pathogenic",1
"distress,syndrome",1
"that,may",1
"without,systemic",1
"may,sensitize",1
"lung,lesions",1
"breakthrough,ade",1
"in,those",2
"the,severity",1
"after,1990",1
"to,protect",1
"stimulated,by",1
"with,preexisting",2
"is,thought",2
"antigens,raised",1
"pathological,response",1
"targets,of",2
"inflammatory,cytokines",1
"virus,and",1
"often,fail",1
"may,contribute",1
"respiratory,disease",1
"from,studies",1
"and,other",2
"viral,toxin",1
"mers,vaccines",2
"an,initial",1
"and,duration",1
"shown,to",1
"attach,to",1
"of,cytotoxic",1
"infants,circulating",1
"denv,1",3
"a,central",1
"through,direct",1
"assumed,that",1
"loss,of",2
"is,peritoneal",1
"cluster,in",1
"potential,conflicts",2
"pathology,following",1
"health,problem",1
"plasma,leakage",1
"suggested,that",1
"sars-cov-1,igg",1
"igg,antibodies",2
"and,1997",1
"age-based,case",1
"infected,with",1
"the,contention",1
"fourth,sequential",1
"early,but",1
"and,generalized",1
"both,in",1
"and,coronavirus",1
"covid-19,showed",1
"is,difficult",1
"important,to",1
"macrophages,in",1
"viral,pathogen",1
"early,1960s",1
"it,is",4
"antibodies,that",1
"vaccinated,with",1
"behavior,of",2
"that,elicit",1
"3,infections",1
"sars-cov-1–immune,monkeys",1
"inactivated,measles",2
"from,a",2
"widespread,viral",1
"covs,predominantly",1
"enhanced,infection",1
"acid,mutation",1
"severe,diarrhea",1
"1,outbreak",1
"considerable,scrutiny",1
"disease,2019",1
"to,sars-cov-2",1
"enhanced,early",1
"an,estimated",1
"of,laboratory",1
"leakage,during",1
"in,kittens",1
"analysis,of",1
"frequently,but",1
"vaccine,and",1
"antibodies,circulated",1
"severe,sars",1
"viremia,titers",1
"the,same",1
"been,shown",1
"and,not",1
"iade,requires",1
"cross-protection,after",1
"many,fip",1
"conclude,that",1
"does,not",1
"among,immune",1
"an,immunopathology",1
"for,sars",1
"histological,damage",1
"t-cell,immunity",1
"fipv,infections",1
"hypothesis,is",1
"diarrhea,is",1
"type,ii",1
"sars,and",7
"viruses,that",1
"to,vaerd",1
"recovered,cases",1
"by,iade",1
"deposition,accompanied",1
"characterized,by",1
"increase,in",1
"ii,pneumocytes",1
"we,conclude",1
"pathogen,as",1
"there,is",5
"of,sars-cov-1",1
"after,a",1
"increase,rapidly",1
"not,matched",1
"intracellular,virus",1
"responses,developed",1
"significantly,faster",1
"hyaline,deposition",1
"the,united",1
"because,sera",1
"to,attribute",1
"target,for",1
"giant,cells",1
"lung,interstitium",1
"occur,frequently",1
"measles,vaccines",1
"vah,may",1
"attack,rates",1
"for,recovery",1
"is,illustrated",1
"infections,often",1
"the,manuscript",1
"immunological,event",1
"infections,are",3
"blood,leukocytes",1
"to,distinguish",1
"2,are",1
"on,type",1
"consider,relevant",1
"the,possibility",1
"dengue-endemic,countries",1
"an,abrupt",1
"1%,of",1
"of,natural",1
"to,note",1
"the,differences",1
"4–12,months",1
"is,no",1
"the,titers",1
"2%,lifetime",1
"of,an",1
"50%,in",1
"vessels,in",1
"icmje,form",1
"conflicts,that",1
"1981,and",1
"15%,in",1
"well-differentiated,bronchial",1
"island-wide,denv",1
"immune,individuals",1
"the,first",1
"protein,1",1
"mers,cov",2
"with,others",1
"this,occurs",1
"confirmed,when",1
"careful,pathological",1
"fatal,outcome",1
"those,65",1
"the,principal",1
"coronavirus,2",1
"it,was",2
"animals,vaccinated",1
"thromboembolic,phenomena",1
"high,case",1
"of,worldwide",1
"high,levels",1
"antibody,responses",1
"cytokine,storm",1
"2,infections",1
"abrupt,onset",1
"organs,but",1
"support,the",1
"and,will",1
"unlikely,because",1
"dengue,accompanies",1
"apparently,directly",1
"sensitized,by",1
"greatly,aided",1
"might,covid-19",1
"cov,infections",3
"ade?,a",1
"shared,by",1
"and,3",1
"exhibited,short-term",1
"the,island-wide",1
"have,humans",1
"in,fc",1
"in,turn",1
"month,to",1
"igm,to",1
"covid-19,show",1
"are,direct",1
"measles,vaccine",1
"1,and",1
"and,lymphocytes",1
"wild-type,virus",1
"denv,infection",4
"and,humans",1
"leakage,is",1
"of,infection",4
"or,effect",1
"the,repertoire",1
"inactivated,with",1
"data,suggests",1
"vaccine-derived,nonprotective",1
"by,denv",1
"be,greatly",1
"igg,antibody",1
"also,enhance",1
"and,widespread",2
"by,viral",1
"a,cytokine",1
"vaccines,sensitize",1
"since,pandemic",1
"sensitize,recipients",1
"resulting,in",2
"were,sensitized",1
"challenge,of",2
"enhance,replication",1
"circulated,in",1
"components,by",1
"aged,25–44",1
"humans,given",1
"similarity,to",1
"peak,viremia",1
"alveolar,epithelium",1
"the,icmje",1
"humans,to",1
"previous,coronavirus",1
"vaccine,may",1
"iade,infections",2
"showed,widespread",1
"note,that",1
"the,1918",1
"defined,as",1
"epithelial,cells",2
"because,myeloid",1
"magnitude,of",1
"with,dengue",1
"antibody,levels",1
"similar,pathology",1
"these,are",1
"and,there",1
"disrupted,cell",1
"a,reactive",1
"of,vaccine",1
"they,should",1
"to,capillary",1
"infectious,peritonitis",1
"dominant,in",1
"is,whether",1
"occurred,in",2
"in,a",1
"vah,is",2
"that,attach",1
"to,delayed-type",1
"of,secondary",1
"have,increased",1
"sweat,glands",1
"cases,should",1
"sars,or",5
"respiratory,syncytial",2
"a,hypothesis",1
"by,ns1",1
"discrepancy,between",1
"development,will",1
"problems,and",1
"antibodies,control",1
"of,fever",1
"vascular,leakage",1
"peritoneal,macrophages",1
"is,growing",1
"2,infection",1
"when,sars-cov-1–immune",1
"efficiency,of",1
"vector,mosquitoes",1
"will,be",2
"covid-19,problems",1
"pathological,studies",1
"vaccine,immunes",1
"and,is",1
"live,virus",2
"a,member",1
"has,received",1
"were,introduced",1
"vaccinated,children",1
"without,adjuvants",1
"multitypic,dengue",1
"two,corollary",1
"in,patients",1
"infection,severity",1
"infections,that",1
"be,defined",1
"sars-cov-2,itself",1
"for,an",1
"2,vaccine-related",1
"antibodies,passively",1
"viremias,may",1
"among,those",2
"alveolar,epithelial",1
"groups,reflecting",1
"on,inspection",1
"with,rsv",1
"and,dendritic",1
"denv,2",2
"fatality,ratios",1
"outbreak,in",1
"type,iii",1
"is,the",1
"contention,that",1
"homologous,virus",1
"aided,by",1
"constructs,that",1
"of,severe",2
"clinical,and",2
"associated,with",2
"effect,of",1
"not,major",1
"with,nonprotective",1
"model,of",1
"on,older",1
"immunopathological,phenomena",1
"correlates,with",1
"sars,ade?",1
"of,alveolar",1
"widespread,thrombosis",1
"of,sars-cov-2",1
"persons,with",2
"pathogen,igg",1
"infection,outcomes",1
"which,heterotypic",1
"transmission,of",1
"denv,diseases",1
"in,life",1
"disease,severity",4
"aged,45–64",1
"iade,does",1
"a,postvaccination",1
"circulating,dengue",1
"that,cellular",1
"nonprotective,antibodies",2
"contributes,to",1
"inflammatory,response",1
"2001,severe",1
"pulmonary,neutrophilia",1
"fatalities,occurred",1
"not,since",1
"aged,4–12",1
"not,known",1
"2-year,period",1
"denv,iade",1
"phenomena,have",1
"who,die",1
"of,multinucleated",1
"and,sweat",1
"illustrated,by",1
"these,infections",1
"an,effective",1
"reported,conflicts",1
"titers,and",1
"of,fluid",1
"content,of",1
"were,modified",1
"rsv,inactivated",1
"onset,of",3
"dengue,ade",1
"affected,by",1
"reticuloendothelial,system",1
"of,spike",1
"elderly,persons",1
"that,occurred",1
"widespread,global",1
"results,from",1
"protection,against",1
"cytotoxic,t",1
"feline,infectious",1
"infiltration,of",1
"damage,results",1
"circulating,viral",1
"understanding,of",1
"in,humans",9
"attributes,of",1
"from,sars",1
"countries,there",1
"kittens,from",1
"features,are",1
"in,clinical",1
"be,accelerated",1
"avoid,vah",1
"was,first",1
"with,wild-type",1
"cov,constructs",1
"endothelial,glycocalyx",2
"and,denv",1
"virus,most",1
"authors,have",1
"must,avoid",1
"vaccine,disease",1
"distributions,of",1
"clinical,course",1
"dengue,viruses",1
"thought,that",2
"preoutbreak,age-specific",1
"45–64,years",1
"of,pulmonary",1
"tahitian,children",1
"defined,immunopathology",1
"severe,acute",1
"syndrome,coronavirus",1
"in,infants",3
"attribute,enhanced",1
"and,lymph",1
"states,and",1
"revealed,damage",1
"developed,significantly",1
"of,cats",1
"the,full",1
"with,previous",1
"vaccine,hypersensitivity",2
"anti-s,igg",1
"2,enter",1
"intestinal,pathology",1
"of,ade",1
"but,also",1
"the,onset",1
"4,antigenically",1
"a,rapid",1
"by,an",1
"damage,and",1
"and,poorly",1
"possibility,that",1
"fip,vaccine",1
"severe,and",2
"are,stimulated",1
"older,children",1
"infections,during",1
"and,these",1
"directed,at",1
"formalin-inactivated,measles",1
"developed,a",1
"atypical,measles",1
"middle,east",1
"passively,acquired",2
"and,that",1
"infection,was",1
"25–44,years",1
"renal,tubules",1
"member,of",1
"in,common",1
"a,single",1
"the,2001",1
"central,challenge",1
"by,challenge",1
"in,several",1
"infected,peripheral",1
"a,coronavirus",1
"die,of",1
"in,less",1
"in,2001",1
"reinfection,by",1
"that,a",2
"viremias,are",1
"principal,target",1
"after,formalin-inactivated",1
"course,of",2
"of,long",1
"after,onset",1
"by,enhancing",2
"a,vaccinia-rsv",1
"similar,pathological",1
"it,should",1
"no,formal",1
"features,in",1
"was,finding",1
"by,circulating",1
"with,corresponding",1
"severe,endothelial",1
"in,age",1
"formalin-inactivated,respiratory",1
"cells,in",1
"infections,usually",1
"in,elderly",1
"asked,frequently",1
"effective,covid-19",1
"described,in",1
"respiratory,tract",3
"protein,to",1
"in,lung",1
"a,complex",1
"of,interest",3
"sars-cov-1,or",1
"acute,respiratory",2
"to,parenchymal",1
"proof,that",1
"fatal,compared",1
"circulation,of",1
"and,gastrointestinal",1
"is,related",1
"animals,had",1
"delayed-type,hypersensitivity",1
"accompanied,live",1
"postmeasles,vaccine",1
"predominantly,affect",1
"affect,the",1
"lungs,from",1
"mers,the",1
"nonhuman,species",1
"symptoms,in",1
"solid,protective",1
"of,vah",2
"have,submitted",1
"of,a",1
"challenge,with",1
"ade,infections",1
"most,patients",1
"contribute,to",2
"antibodies,are",1
"whether,sars",1
"many,dengue-endemic",1
"a,normal",1
"and,disrupted",1
"received,considerable",1
"are,shortened",1
"respiratory,distress",1
"relevant,to",1
"cuba,in",1
"protection,in",1
"coronavirus,infections",2
"by,a",2
"that,antibodies",1
"sars-cov-1,and",2
"growing,evidence",1
"remarks,with",1
"during,heterotypic",1
"is,an",1
"vivo,and",1
"efficiently,enhance",1
"of,virus",2
"outcome,that",1
"differentiating,early",1
"initiate,infection",1
"were,given",1
"experienced,similar",1
"that,human",1
"ace2,receptor",1
"parenchymal,cells",1
"if,sars",1
"an,increase",1
"better,understanding",1
"have,led",1
"short-duration,illnesses",1
"improving,efficiency",1
"classic,ade",1
"animals,to",1
"early,from",1
"respiratory,epithelium",1
"sometimes,attributed",1
"to,infants",1
"alveoli,and",1
"or,individuals",1
"together,with",2
"loss,from",1
"with,plasma",1
"explaining,the",1
"be,differentiating",1
"and,europe",1
"with,sars",1
"viral,protein",1
"concept,that",1
"differences,in",1
"children,born",1
"antibody-dependent,enhancement",1
"vaccination,resulting",1
"is,that",1
"was,due",1
"is,important",1
"th2,polarization",1
"heterotypic,infections",1
"the,alveoli",1
"of,animals",1
"were,attributed",1
"ade,contributes",1
"were,ade",1
"monkeys,and",1
"studies,identified",1
"less,than",1
"several,different",1
"sar-,cov-2",1
"mice,immunized",1
"some,coronaviruses",1
"cases,and",1
"levels,enhance",1
"1,to",1
"independent,of",1
"monkeys,were",1
"infection,but",1
"of,vaccinated",2
"low,levels",1
"alveolar,damage",1
"is,essential",1
"are,shared",1
"that,inactivated",1
"recipients,to",1
"receptor-bearing,cells",1
"the,respiratory",2
"25,years",1
"igg,transition",1
"rise,to",1
"born,after",1
"antibody-dependent,enhanced",1
"compared,with",1
"infections,in",6
"compartment,is",1
"enhancing,viremia",1
"been,attributed",1
"in,many",2
"observed,in",1
"that,formalin-deconformed",1
"epidemics,in",1
"protectively,immunized",1
"breakthrough,infections?",1
"vaerd,are",1
"disruption,of",1
"are,of",1
"viral,respiratory",1
"pathological,attributes",1
"in,severe",2
"been,disclosed",1
"to,fip",1
"replicative,construct",1
"after,the",1
"progresses,the",1
"by,vector",1
"coronavirus,disease",2
"constructs,have",1
"to,breakthrough",1
"describes,interactions",1
"produced,in",1
"severe,dengue",2
"the,reticuloendothelial",1
"given,formalin-inactivated",1
"in,3",1
"of,hospitalization",1
"because,cytokines",1
"if,sars-cov-1",1
"immunized,older",1
"a,“cytokine",1
"in,incomplete",1
"iade,is",1
"immunopathology,was",1
"not,pbls",1
"illness,are",1
"and,covid-19",1
"endothelial,injury",1
"nonprotective,coronavirus",1
"editors,consider",1
"with,sars-cov-1",1
"exemplified,by",1
"virus,vaccines",1
"severe,breakthrough",1
"polarization,of",1
"or,a",1
"coombs,type",1
"those,infected",1
"of,liver",1
"long,duration",1
"the,dominance",1
"superinfections,occur",1
"with,measles",1
"effective,vaccine",1
"infants,or",1
"of,sars",3
"hypothesis,confirmed",1
"ns1-induced,endothelial",1
"normal,igm",1
"most,animals",1
"accelerated,by",1
"be,directed",1
"etiological,factors",1
"to,loss",1
"multi-immune,mothers",1
"increased,disease",1
"convert,fipv",1
"epithelium,resulting",1
"studies,support",1
"achieve,robust",1
"interactions,between",1
"months,later",1
"for,fipv",1
"and,fibrin",1
"with,covid-19",2
"in,contrast",2
"1918,influenza",1
"observed,were",1
"arthus,reaction",1
"deficit,of",1
"with,evidence",2
"enhanced,dengue",1
"finding,that",1
"severe,secondary",1
"1,disease",1
"initial,immunological",1
"rapid,loss",1
"fail,to",1
"infection,is",2
"directly,damaged",1
"gave,rise",1
"suppressing,innate",1
"sars,develop",1
"an,infiltration",1
"of,human",1
"of,covid-19",1
"contrast,to",2
"to,fc",1
"been,reported",1
"of,defervescence",1
"are,predictive",1
"and,hyaline",1
"a,sars-cov-2",2
"by,sars",1
"presence,of",1
"viruses,and",1
"to,elicit",1
"safe,and",1
"reported,that",1
"cells,with",1
"pathology,and",1
"and,autopsy",1
"worldwide,investigative",1
"called,atypical",1
"that,postvaccination",1
"occurrence,of",2
"related,denvs",1
"from,multi-immune",1
"cells,via",1
"evidence,of",3
"because,coronavirus",1
"severity,in",1
"are,similar",1
"of,macrophages",1
"a,discrepancy",1
"shedding,from",1
"recognition,of",1
"animal,models",1
"resulted,in",1
"or,the",1
"sars-cov-2,vaccine",2
"vascular,compartment",2
"observed,early",1
"of,transmission",1
"4,days",1
"macrophages,and",1
"and,excess",1
"for,enhanced",1
"peripheral,blood",1
"major,targets",2
"fipv,infection",1
"patients,who",1
"infections,may",1
"preexisting,conditions",2
"animals,given",1
"vaccines,were",1
"early,in",1
"lymph,node",1
"may,have",1
"direct,pathogens",1
"and,the",1
"the,circulation",1
"antibodies,were",2
"were,etiological",1
"during,2001–2003",1
"between,the",1
"respiratory,secretions",1
"infections,convey",1
"pathogenesis,of",1
"intrinsic,ade",1
"humans,in",1
"be,emphasized",1
"ade,responses",1
"be,enhanced",1
"via,attachment",1
"sars-cov-1,infections",2
"first,described",1
"around,the",1
"cells,as",1
"sustained,protection",1
"that,cause",1
"response,has",1
"best,be",1
"to,2-year",1
"antibody-mediated,enhanced",1
"virus,by",1
"cytokines,as",1
"ade,disease",3
"confronted,an",1
"an,arthus",1
"serious,and",1
"skeletal,muscle",1
"virus,shedding",1
"and,pathological",2
"the,need",1
"of,the",7
"under,25",1
"the,intestines",1
"year,olds",1
"protection,and",1
"cellular,defenses",1
"and,its",1
"that,anti-s",1
"3,settings",1
"sequential,infections",1
"humans,but",1
"node,monocytes",1
"with,live",1
"the,pathogenesis",1
"to,initiate",1
"levels,of",1
"with,recovered",1
"duration,of",1
"attachment,of",1
"case,fatality",2
"of,illness",2
"its,similarity",1
"to,speculations",1
"has,been",3
"to,disease",1
"other,parenchymal",1
"infection,age",1
"from,sustained",1
"failures,sometimes",1
"replication,of",1
"following,challenge",1
"toxic,viral",1
"that,the",2
"a,past",1
"cluster,effect",1
"repertoire,of",1
"or,pathological",1
"conditions,and",1
"to,those",1
"epidemic,viral",1
"laboratory,animals",3
"compared,in",1
"postchallenge,vah",1
"antibody,mediated",1
"and,disease",1
"disease,to",1
"were,sometimes",1
"unraveling,the",1
"is,not",2
"when,antibody-mediated",1
"produce,iade",1
"natural,and",1
"proved,difficult",1
"damage,to",2
"the,mechanism",1
"prevailing,hypothesis",1
"patients,with",2
"severity,were",1
"in,tahitian",1
"hypersensitivity,reactions",1
"enter,cells",1
"target,of",1
"solid,protection",1
"a,prevailing",1
"and,fatal",2
"due,to",1
"1988–1990,protectively",1
"vaccines,resulted",1
"lesions,revealed",1
"east,respiratory",1
"dengue,in",1
"caused,by",1
"antibodies,acquired",2
"rates,may",1
"in,ns1",1
"4–12,year",1
"spread,of",1
"was,also",1
"fibrin,and",1
"challenge,to",1
"the,immune",1
"as,a",1
"biological,behavior",1
"of,endothelial",2
"tract,and",1
"fc,receptor-bearing",1
"single,amino",1
"were,challenged",1
"laboratory,and",1
"introduced,in",1
"in,laboratory",3
"may,be",2
"splenic,and",1
"during,the",2
"than,50%",1
"distinguish,between",1
"coronavirus,antibodies",2
"levels,protect",1
"illness,progresses",1
"the,ace2",1
"competent,t-cell",1
"from,patients",1
"animals’,sera",1
"intrinsic,pathway",1
"the,histological",1
"risk,of",1
"should,cluster",1
"to,antibody-dependent",2
"the,microbe",1
"that,sars-cov-1",2
"that,competent",1
"damage,has",1
"rates,in",1
"syncytial,virus",2
"humans,confronted",1
"infection,may",1
"related,to",1
"result,in",1
"infants,aged",1
"in,fatal",1
"of,thromboembolic",1
"tract,superinfections",1
"difficult,to",2
"denv,infections",1
"dendritic,cells",1
"enhance,infection/disease",1
"“cytokine,storm”",1
"enhancing,antibodies",1
"fatality,rates",1
"a,family",1
"disease,enhancement",1
"of,relative",1
"relative,cross-protection",1
"to,month",1
"more,than",1
"to,igg",1
"one,with",1
"speculations,that",1
"igg,neutralizing",1
"vaccinated,animals’",1
"nonimmune,donors",1
"fluid,loss",1
"nonstructural,protein",1
"severity,increased",1
"cells,are",1
"covid-19,vaccines",2
"enhanced,cov",1
"of,viremias",1
"vitro,and",1
"and,in",2
"in,1988–1990",1
"resources,should",1
"humans,lack",1
"uv,radiation",1
"symptoms,followed",1
"other,organs",1
"sensitize,humans",1
"has,repeatedly",1
"vaccine,development",1
"formalin-deconformed,viral",1
"that,high",1
"the,time",2
"from,the",3
"those,under",1
"older,persons",1
"a,similar",2
"infants,implied",1
"of,denv",1
"cause,serious",1
"several,species",1
"question,asked",1
"feline,coronaviruses",1
"and,a",3
"acquired,dengue",1
"vivo,target",1
"both,authors",2
"be,associated",1
"different,sars",1
"vaccine-associated,enhanced",1
"months,who",1
"hypersensitivity,and/or",1
"viral,antigens",1
"third,or",1
"global,health",1
"in,1981",1
"at,unraveling",1
"iade,describes",1
"mechanism,s",1
"sometimes,observed",1
"of,intracellular",1
"dominance,of",1
"children,developed",1
"infected,by",1
"excess,eosinophils",1
"ade,if",1
"during,severe",1
"purified,fusion",1
"elicit,a",2
"to,one",1
"systemic,disease",1
"investigative,resources",1
"of,clinical",1
"of,iade",1
"rapidly,during",1
"sensitized,animals",1
"as,4",1
"cell,membranes",1
"that,mice",1
"a,purified",1
"evidence,that",1
"dengue,virus",1
"intensity,during",1
"not,expected",1
"successful,as",1
"family,of",1
"in,the",4
"construct,experienced",1
"with,and",1
"as,severe",1
"should,be",2
"gastrointestinal,hemorrhage",1
"of,integrity",1
"develop,an",1
"ratios,for",1
"to,denv",1
"breakthrough,disease",1
"termed,sensitization",1
"damage,caused",1
"not,the",1
"sweat,exhibits",1
"pathological,features",2
"mers,covs",2
"may,best",1
"defervescence,by",1
"adrenal,gland",1
"although,igg",1
"pulmonary,vessels",1
"not,1",1
"response,and",1
"the,postmeasles",1
"viral,infection",3
"past,infection",2
"of,that",1
"not,infants",1
"in,vitro",3
"first,infection",1
"dengue,disease",2
"multinucleated,giant",1
"between,cytokines",1
"severity,of",1
"1990,were",1
"usually,without",1
"disease,exemplified",1
"the,occurrence",2
"first,suggestion",1
"that,denv",1
"2,epidemics",1
"or,improving",1
"of,lung",1
"the,outcomes",1
"with,uv",1
"have,epidemiological",1
"stereotypical,clinical",1
"fluid,from",1
"vaccine,constructs",2
"many,clinical",1
"laboratory,animal",1
"by,suppressing",1
"numbers,of",1
"tissue,damage",1
"corollary,iade",1
"observed,as",1
"need,for",1
"manuscript,have",1
"neutralizing,antibody",1
"antigenically,related",1
"immunes,were",1
"notes,potential",1
"respiratory,syndrome",2
"denv,infected",1
"corresponding,intestinal",1
"distal,convoluted",1
"infection,intensity",1
"as,early",1
"features,of",1
"enhancement,and",1
"requires,an",1
"occurs,in",1
"age,cluster",1
"sars-cov-2,model",1
"the,presence",1
"is,unlikely",1
"1,but",1
"iii,antigen",1
"pathway,vascular",1
"of,inflammatory",1
"secondary,denv",2
"of,those",1
"fatal,sars",1
"reflecting,the",1
"immunological,behavior",1
"ade,is",1
"covs,in",1
"the,course",2
"abstract,might",1
"or,mers",5
"pandemic,smallpox",1
"raised,nonprotective",1
"epidemiological,and",1
"the,vascular",2
"predictive,of",1
"suggest,that",1
"centering,on",1
"in,4–12",1
"from,reinfection",1
"enhanced,tissue",1
"sera,enhanced",1
"recent,data",1
"humans,might",1
"centers,on",1
"influenza,have",1
"vaccine,protection",1
"abundant,macrophages",1
"cell,intrinsic",1
"as,cause",1
"cause,or",1
"a,pulmonary",1
"suggestion,of",1
"but,not",2
"by,virus",2
"age,groups",1
"enhanced,denv",1
"as,successful",1
"against,avian",1
"case,that",1
"cause,severe",1
"as,illness",1
"severe,denv",4
"followed,around",1
"circulating,toxic",1
"been,suggested",1
"complex,and",1
"might,be",2
"form,for",1
"a,question",1
"a,few",1
"of,some",1
"a,serious",1
"identified,splenic",1
"years,old",1
"sars-cov-1,is",1
"cytokines,are",1
"it,has",3
"and,feline",1
"iade,they",1
"hospitalization,for",1
"increased,month",1
"exhibits,an",1
"many,vertebrates",1
"enhanced,respiratory",1
"or,older",1
"early,as",1
"bronchial,epithelial",1
"lung,inflammation",1
"of,potential",1
"in,vaccine",1
"a,first",1
"mutation,in",1
"were,reinfected",1
"be,achieved",1
"complexes,that",1
"estimated,2%",1
"time,of",2
"from,nonimmune",1
"6%,among",1
"those,aged",2
"in,infection",1
"challenged,with",1
"high,antibody",1
"age-specific,distributions",1
"capillary,damage",2
"and,2",2
"essential,for",1
"suggests,damage",1
"convey,solid",1
"dengvaxia,exhibited",1
"rubella,viruses",1
"by,dengue",1
"formal,proof",1
"infection,of",4
"a,1",1
"have,sensitized",1
"days,after",1
"while,many",1
"had,evidence",1
"given,sars",1
"in,vivo",3
"damage,was",1
"expected,to",1
"achieve,solid",1
"glycocalyx,components",2
"a,mild",1
"no,reported",1
"causes,classic",1
"those,in",1
"vaccines,must",1
"t,cells",1
"faster,after",1
"was,assumed",1
"are,compared",1
"from,dengue-immune",1
"acquired,maternal",1
"antibodies,enhanced",1
"that,ade",1
"was,produced",1
"endothelial,cell",1
"with,homologous",1
"effect,is",1
"similar,to",1
"fc,receptors",1
"similar,outcome",1
"coronaviruses,in",1
"crucial,to",1
"injury,associated",1
"diseases,suggest",1
"itself,might",1
"severe,disease",2
"measles,or",2
"united,states",1
"may,cause",1
"is,independent",1
"ns1,may",1
"the,concept",1
"modified,by",1
"disease,centers",1
"microbial,pathogen",1
"challenge,in",1
"amino,acid",1
"viremia,or",1
"the,dominant",1
"humans,predominantly",1
"infections,of",1
"show,distinctive",1
"or,2",1
"that,past",1
"frequently,is",1
"respiratory,infections",1
"lack,the",1
"serious,diseases",1
"vah,was",1
"the,early",1
"to,a",3
"common,with",1
"disease,of",1
"a,severe",1
"leading,some",1
"is,a",6
"components,both",1
"in,diffuse",1
"and,cerebrum",1
"with,the",1
"is,attributed",1
"severity,rates",1
"histological,analysis",1
"during,1996–1997",1
"disclosure,of",1
"and,middle",1
"some,to",1
"are,short-duration",1
"as,major",1
"and,more",1
"in,covid-19",1
"to,produce",1
"but,2",1
"generalized,symptoms",1
"titers,observed",1
"usually,result",1
"innate,cellular",1
"that,vaerd",1
"human,coronavirus",2
"diffuse,alveolar",1
"is,alveolar",1
"volunteers,with",1
"an,epidemic",1
"period,of",1
"or,rubella",1
"few,months",1
"studies,in",1
"to,the",6
"an,acute",1
"reactive,angiogenesis",1
"achieved,through",1
"and,effective",1
"large,numbers",1
"postvaccination,pathologies",1
"table,1",1
"after,which",1
"heterotypic,denv",1
"illnesses,that",1
e",1
"expected,to",1
"postvaccination,outcome",1
"from,sustained",1
"species,of",1
"correlates,with",1
"disease,of",1
"infection,is",2
"15%,in",1
"and,there",1
"and,cerebrum",1
"the,2001",1
"protective,immunity",2
"PBLs,from",1
"may,have",1
"the,ICMJE",1
